City_ID,city,Country,Date,Lat,Long,Max Temp,Humidity,Cloudiness,Wind Speed
0,Vila Velha,BR,2022-01-24 19:52:44,-20.3297,-40.2925,85.95,66,20,8.99
1,Meulaboh,ID,2022-01-24 19:57:03,4.1363,96.1285,74.95,90,68,3.96
2,Jamestown,US,2022-01-24 19:53:18,42.097,-79.2353,21.09,62,100,7.0
3,Monduli,TZ,2022-01-24 19:57:03,-3.3,36.45,65.41,67,87,6.29
4,Moa,CU,2022-01-24 19:57:03,20.6569,-74.9403,77.76,74,45,9.51
5,Ambon,ID,2022-01-24 19:57:04,-3.6954,128.1814,75.34,94,20,3.44
6,Punta Arenas,CL,2022-01-24 19:57:04,-53.15,-70.9167,59.02,51,0,51.79
7,Port Elizabeth,ZA,2022-01-24 19:57:04,-33.918,25.5701,72.1,83,20,31.07
8,Bambous Virieux,MU,2022-01-24 19:57:05,-20.3428,57.7575,79.05,69,40,13.8
9,Gayeri,BF,2022-01-24 19:57:05,12.6497,0.4931,73.63,11,0,9.31
10,Mataura,NZ,2022-01-24 19:57:05,-46.1927,168.8643,55.47,74,60,1.45
11,Sao Filipe,CV,2022-01-24 19:57:06,14.8961,-24.4956,78.01,54,81,7.83
12,Esperance,AU,2022-01-24 19:57:06,-33.8667,121.9,62.44,87,20,10.25
13,Port Alfred,ZA,2022-01-24 19:57:06,-33.5906,26.891,70.36,87,17,16.87
14,Rawson,AR,2022-01-24 19:57:07,-43.3002,-65.1023,77.76,28,13,10.22
15,Langenburg,DE,2022-01-24 19:57:07,49.2544,9.8458,35.49,93,5,5.75
16,Flinders,AU,2022-01-24 19:57:07,-34.5833,150.8552,70.18,84,100,4.0
17,Talnakh,RU,2022-01-24 19:57:08,69.4865,88.3972,-4.02,97,100,10.67
18,Srednekolymsk,RU,2022-01-24 19:57:08,67.45,153.6833,-27.36,99,99,6.82
19,Saskylakh,RU,2022-01-24 19:57:08,71.9167,114.0833,-12.06,98,100,5.7
20,Green River,US,2022-01-24 19:57:09,41.5286,-109.4662,41.14,51,96,13.4
21,Sioux Lookout,CA,2022-01-24 19:57:09,50.1001,-91.917,-9.02,70,20,5.75
22,Bengkulu,ID,2022-01-24 19:57:09,-3.8004,102.2655,76.33,87,100,4.0
23,Luderitz,NA,2022-01-24 19:57:10,-26.6481,15.1594,78.66,57,5,16.69
24,Bredasdorp,ZA,2022-01-24 19:57:10,-34.5322,20.0403,69.28,83,1,4.61
25,Ushuaia,AR,2022-01-24 19:57:10,-54.8,-68.3,51.46,62,75,20.71
26,Porto Novo,BJ,2022-01-24 19:57:11,6.4965,2.6036,82.22,71,2,5.5
27,Albany,US,2022-01-24 19:55:10,42.6001,-73.9662,28.09,54,57,5.91
28,Abu Dhabi,AE,2022-01-24 19:57:11,24.4667,54.3667,66.96,70,0,3.44
29,Hermanus,ZA,2022-01-24 19:55:29,-34.4187,19.2345,70.9,92,1,7.05
30,Jinchang,CN,2022-01-24 19:57:12,38.4953,102.1739,21.76,53,3,3.51
31,Tarko-Sale,RU,2022-01-24 19:57:12,64.9225,77.785,-6.34,100,68,9.66
32,Opuwo,NA,2022-01-24 19:57:12,-18.0607,13.84,77.38,36,48,3.96
33,Raudeberg,NO,2022-01-24 19:57:13,61.9875,5.1352,40.19,89,100,4.0
34,Busselton,AU,2022-01-24 19:57:13,-33.65,115.3333,60.08,78,43,9.51
35,Chardara,KZ,2022-01-24 19:57:13,41.2547,67.9692,35.01,75,98,8.5
36,Carnarvon,AU,2022-01-24 19:57:14,-24.8667,113.6333,75.27,83,0,18.41
37,Dikson,RU,2022-01-24 19:57:14,73.5069,80.5464,10.83,86,100,32.53
38,East London,ZA,2022-01-24 19:56:04,-33.0153,27.9116,74.05,78,2,7.56
39,Yerbogachen,RU,2022-01-24 19:57:14,61.2767,108.0108,-19.21,100,99,3.56
40,Puerto Ayacucho,VE,2022-01-24 19:57:15,5.6639,-67.6236,94.78,33,85,5.17
41,Saint George,US,2022-01-24 19:57:15,37.1041,-113.5841,61.36,32,0,1.99
42,Rikitea,PF,2022-01-24 19:57:16,-23.1203,-134.9692,78.49,71,100,19.89
43,Gizo,SB,2022-01-24 19:57:16,-8.103,156.8419,82.63,79,88,8.05
44,Curup,ID,2022-01-24 19:57:16,-3.4667,102.5333,67.3,91,100,1.19
45,Yarim,YE,2022-01-24 19:57:17,14.298,44.3779,52.02,48,14,2.68
46,Kodiak,US,2022-01-24 19:57:17,57.79,-152.4072,37.35,97,100,17.49
47,Kapaa,US,2022-01-24 19:58:17,22.0752,-159.319,75.18,70,1,1.99
48,Cabo San Lucas,MX,2022-01-24 19:56:11,22.8909,-109.9124,77.61,61,85,5.99
49,Airai,TL,2022-01-24 19:58:18,-8.9266,125.4092,60.26,89,67,2.37
50,New Norfolk,AU,2022-01-24 19:58:18,-42.7826,147.0587,62.65,71,100,0.38
51,Bairiki,KI,2022-01-24 19:58:18,1.3292,172.9752,82.4,78,75,9.22
52,Nyurba,RU,2022-01-24 19:58:19,63.2842,118.3319,-20.24,100,93,2.55
53,Sambava,MG,2022-01-24 19:58:19,-14.2667,50.1667,74.68,92,100,4.47
54,Conceicao Do Araguaia,BR,2022-01-24 19:58:19,-8.2578,-49.2647,83.62,73,91,3.13
55,Vanimo,PG,2022-01-24 19:58:20,-2.6741,141.3028,77.29,86,96,1.81
56,Mahebourg,MU,2022-01-24 19:58:20,-20.4081,57.7,79.09,69,40,13.8
57,Usinsk,RU,2022-01-24 19:58:20,65.9939,57.5281,11.16,93,100,25.64
58,Sungaipenuh,ID,2022-01-24 19:58:21,-2.0833,101.3833,65.34,94,100,1.05
59,Dakar,SN,2022-01-24 19:58:21,14.6937,-17.4441,88.68,53,0,4.61
60,Bukama,CD,2022-01-24 19:58:21,-9.2,25.85,69.21,95,100,0.47
61,Kochi,IN,2022-01-24 19:58:22,9.9399,76.2602,71.58,85,50,6.02
62,Butaritari,KI,2022-01-24 19:56:45,3.0707,172.7902,81.52,77,96,15.52
63,Bluff,NZ,2022-01-24 19:58:22,-46.6,168.3333,55.8,78,96,12.24
64,Jacksonville,US,2022-01-24 19:58:22,30.3322,-81.6556,64.09,38,0,3.0
65,Hobart,AU,2022-01-24 19:53:58,-42.8794,147.3294,63.01,85,75,0.0
66,Kushmurun,KZ,2022-01-24 19:58:23,52.4503,64.6311,-10.21,95,100,3.85
67,Nizhniy Tagil,RU,2022-01-24 19:58:23,57.9194,59.965,13.14,91,93,8.81
68,Eshowe,ZA,2022-01-24 19:58:24,-28.8865,31.4699,64.98,90,0,6.93
69,Daru,PG,2022-01-24 19:58:24,-9.0763,143.2092,77.09,94,100,11.1
70,Atuona,PF,2022-01-24 19:58:24,-9.8,-139.0333,78.35,73,6,16.82
71,Puerto Ayora,EC,2022-01-24 19:58:25,-0.7393,-90.3518,84.16,76,43,10.74
72,Bonthe,SL,2022-01-24 19:58:25,7.5264,-12.505,79.74,77,83,8.7
73,Jalu,LY,2022-01-24 19:58:25,29.0331,21.5482,52.11,62,12,8.28
74,Severo-Kurilsk,RU,2022-01-24 19:56:43,50.6789,156.125,21.83,70,100,9.44
75,Cherskiy,RU,2022-01-24 19:58:26,68.75,161.3,-28.75,99,100,7.16
76,Zapolyarnyy,RU,2022-01-24 19:58:26,69.4154,30.8136,24.08,76,11,25.03
77,Prince Rupert,CA,2022-01-24 19:58:26,54.3161,-130.3201,38.89,97,100,3.44
78,Te Anau,NZ,2022-01-24 19:58:27,-45.4167,167.7167,53.28,83,36,1.1
79,Nome,US,2022-01-24 19:58:27,64.5011,-165.4064,21.16,91,100,8.21
80,Villarrica,PY,2022-01-24 19:58:27,-25.75,-56.4333,106.41,20,83,6.38
81,Sabha,LY,2022-01-24 19:58:28,27.0377,14.4283,50.67,41,1,4.88
82,Raghunathpur,IN,2022-01-24 19:58:28,23.55,86.6667,64.31,79,94,1.23
83,Ridgecrest,US,2022-01-24 19:58:29,35.6225,-117.6709,62.65,21,0,1.01
84,Cayenne,GF,2022-01-24 19:57:03,4.9333,-52.3333,78.84,90,75,4.0
85,Qeshm,IR,2022-01-24 19:58:29,26.9581,56.2719,58.89,52,0,5.73
86,Tuktoyaktuk,CA,2022-01-24 19:58:30,69.4541,-133.0374,6.8,85,40,14.97
87,Kruisfontein,ZA,2022-01-24 19:58:30,-34.0033,24.7314,69.89,82,73,17.87
88,Moose Factory,CA,2022-01-24 19:58:30,51.2585,-80.6094,-11.22,58,75,9.22
89,Port Lincoln,AU,2022-01-24 19:58:31,-34.7333,135.8667,67.77,91,0,4.05
90,Provideniya,RU,2022-01-24 19:58:31,64.3833,-173.3,-7.47,100,95,6.69
91,Sterling,US,2022-01-24 19:59:32,39.0062,-77.4286,42.4,53,40,1.01
92,Itarema,BR,2022-01-24 19:59:32,-2.9248,-39.9167,82.83,66,85,12.55
93,Coahuayana,MX,2022-01-24 19:59:32,18.7333,-103.6833,85.37,45,79,8.03
94,Dire,ML,2022-01-24 19:59:33,12.2833,-10.9667,80.64,11,64,3.58
95,Qaanaaq,GL,2022-01-24 19:59:33,77.484,-69.3632,-13.92,78,40,7.63
96,Ndioum,SN,2022-01-24 19:59:33,16.5129,-14.6471,89.49,9,100,10.56
97,Yulara,AU,2022-01-24 19:59:34,-25.2406,130.9889,75.04,53,0,6.91
98,Thompson,CA,2022-01-24 19:59:34,55.7435,-97.8558,-16.44,63,20,9.22
99,Manavalakurichi,IN,2022-01-24 19:59:34,8.1333,77.3,78.89,79,58,8.32
100,Nchelenge,ZM,2022-01-24 19:59:35,-9.3451,28.734,69.93,83,100,2.01
101,Safford,US,2022-01-24 19:59:35,32.834,-109.7076,65.12,31,0,11.32
102,Mar Del Plata,AR,2022-01-24 19:58:59,-38.0023,-57.5575,84.22,68,0,5.99
103,Achutupo,PA,2022-01-24 19:59:36,9.2,-77.9833,80.24,75,89,14.88
104,Ilulissat,GL,2022-01-24 19:59:36,69.2167,-51.1,15.19,74,100,8.12
105,Hilo,US,2022-01-24 19:59:36,19.7297,-155.09,78.24,62,56,1.99
106,Upata,VE,2022-01-24 19:59:37,8.0086,-62.3989,84.2,56,97,4.41
107,Xining,CN,2022-01-24 19:59:37,36.6167,101.7667,18.0,75,81,1.99
108,Chuy,UY,2022-01-24 19:59:37,-33.6971,-53.4616,82.29,69,78,9.4
109,Avarua,CK,2022-01-24 19:55:06,-21.2078,-159.775,82.45,89,40,9.22
110,Victoria,HK,2022-01-24 19:55:33,22.2855,114.1577,66.38,85,100,8.99
111,Puerto Escondido,MX,2022-01-24 19:59:38,15.85,-97.0667,86.18,53,0,11.5
112,Mehamn,NO,2022-01-24 19:59:38,71.0357,27.8492,28.58,72,100,34.72
113,Olafsvik,IS,2022-01-24 19:59:38,64.8945,-23.7142,38.01,97,100,20.27
114,Pisco,PE,2022-01-24 19:59:39,-13.7,-76.2167,80.65,57,0,18.41
115,Kirakira,SB,2022-01-24 19:59:39,-10.4544,161.9205,80.92,86,100,5.37
116,Guerrero Negro,MX,2022-01-24 19:59:39,27.9769,-114.0611,67.12,43,0,12.88
117,Pacifica,US,2022-01-24 19:59:40,37.6138,-122.4869,64.9,70,0,1.99
118,Souillac,MU,2022-01-24 19:59:40,-20.5167,57.5167,79.18,69,40,13.8
119,Lebu,CL,2022-01-24 19:56:47,-37.6167,-73.65,63.46,68,2,17.83
120,Verkhoyansk,RU,2022-01-24 19:59:41,67.5447,133.385,-21.96,100,98,1.66
121,Cape Town,ZA,2022-01-24 19:58:40,-33.9258,18.4232,71.11,85,75,4.0
122,Salalah,OM,2022-01-24 19:56:53,17.0151,54.0924,68.04,38,8,10.31
123,Lillooet,CA,2022-01-24 19:59:41,50.6856,-121.942,52.23,76,56,1.54
124,Vaitape,PF,2022-01-24 19:59:41,-16.5167,-151.75,80.4,76,100,11.36
125,Ponta Do Sol,PT,2022-01-24 19:59:42,32.6667,-17.1,64.0,65,83,8.14
126,Bilma,NE,2022-01-24 19:59:42,18.6853,12.9164,60.08,21,4,9.55
127,Iqaluit,CA,2022-01-24 19:59:42,63.7506,-68.5145,-14.31,75,75,2.3
128,Nadym,RU,2022-01-24 19:59:43,65.5333,72.5167,0.05,97,18,11.32
129,Aykhal,RU,2022-01-24 19:59:43,66.0,111.5,-14.26,100,100,4.7
130,Pangnirtung,CA,2022-01-24 19:59:43,66.1451,-65.7125,10.4,72,100,16.11
131,Pocatello,US,2022-01-24 19:59:44,42.8713,-112.4455,27.66,87,100,4.0
132,Cooma,AU,2022-01-24 19:59:44,-36.2333,149.1333,56.97,100,100,8.05
133,Novo Aripuana,BR,2022-01-24 19:59:44,-5.1206,-60.3797,85.26,76,94,3.76
134,Longyearbyen,SJ,2022-01-24 19:59:45,78.2186,15.6401,17.44,73,75,23.02
135,Kushchevskaya,RU,2022-01-24 19:59:45,46.5564,39.6386,32.23,97,100,4.52
136,Leningradskiy,RU,2022-01-24 19:59:45,69.3833,178.4167,-17.57,82,100,8.97
137,Marawi,PH,2022-01-24 19:59:46,7.9986,124.2928,67.64,99,100,3.04
138,Tekeli,KZ,2022-01-24 20:00:46,44.83,78.8239,15.28,81,100,6.6
139,Chokurdakh,RU,2022-01-24 20:00:46,70.6333,147.9167,-24.34,100,99,4.52
140,Hasaki,JP,2022-01-24 20:00:47,35.7333,140.8333,28.8,57,11,13.42
141,Kamiiso,JP,2022-01-24 20:00:48,41.8167,140.65,24.24,83,10,4.03
142,Arica,CL,2022-01-24 20:00:48,-18.475,-70.3042,74.53,70,76,8.21
143,Aklavik,CA,2022-01-24 20:00:49,68.2191,-135.0107,18.07,90,100,16.96
144,Ouesso,CG,2022-01-24 20:00:49,1.6136,16.0517,78.03,35,40,2.44
145,Banff,CA,2022-01-24 20:00:42,51.1762,-115.5698,31.91,80,88,3.56
146,Khani,GE,2022-01-24 20:00:49,41.9563,42.9566,29.77,95,88,2.53
147,Arraial Do Cabo,BR,2022-01-24 19:57:52,-22.9661,-42.0278,84.16,69,0,21.85
148,Norman Wells,CA,2022-01-24 20:00:50,65.282,-126.8329,13.93,92,100,11.92
149,Edgewater,US,2022-01-24 20:00:50,28.9889,-80.9023,64.44,38,0,8.05
150,Nehe,CN,2022-01-24 20:00:51,48.4833,124.8333,-2.96,99,100,1.79
151,Ahipara,NZ,2022-01-24 20:00:51,-35.1667,173.1667,67.68,96,96,11.12
152,Hithadhoo,MV,2022-01-24 20:00:52,-0.6,73.0833,81.0,77,73,12.01
153,Saint-Philippe,RE,2022-01-24 20:00:52,-21.3585,55.7679,76.59,68,73,15.01
154,Maloy,NO,2022-01-24 20:00:53,61.9353,5.1136,41.05,88,100,3.0
155,Torbay,CA,2022-01-24 20:00:53,47.6666,-52.7314,33.76,94,100,23.02
156,Nikolskoye,RU,2022-01-24 20:00:53,59.7035,30.7861,31.71,92,100,12.57
157,Novobirilyussy,RU,2022-01-24 20:00:54,56.9514,90.6661,7.0,95,100,6.04
158,Urubicha,BO,2022-01-24 20:00:54,-15.3833,-62.95,90.81,45,76,3.22
159,Shimoda,JP,2022-01-24 20:00:54,34.6667,138.95,39.11,70,95,7.52
160,Candelaria,PH,2022-01-24 20:00:55,13.9311,121.4233,76.39,95,86,5.26
161,Miandrivazo,MG,2022-01-24 20:00:55,-19.5167,45.4667,81.19,67,97,2.28
162,Itoman,JP,2022-01-24 20:00:56,26.1247,127.6694,64.42,82,83,8.05
163,Bara,NG,2022-01-24 20:00:56,10.3744,10.7288,72.77,20,0,8.99
164,Eyl,SO,2022-01-24 20:00:56,7.9803,49.8164,73.17,69,1,20.56
165,Sinop,TR,2022-01-24 20:00:57,41.7711,34.8709,21.69,84,100,6.11
166,Kaitangata,NZ,2022-01-24 20:00:57,-46.2817,169.8464,52.99,74,66,4.68
167,Roma,US,2022-01-24 20:00:57,43.2128,-75.4557,23.85,52,100,6.91
168,Khatanga,RU,2022-01-24 20:00:58,71.9667,102.5,4.3,94,100,16.55
169,Qingyuan,CN,2022-01-24 20:00:58,23.7,113.0333,53.58,81,81,5.03
170,Upernavik,GL,2022-01-24 20:00:59,72.7868,-56.1549,-10.32,78,59,7.7
171,Pakala,IN,2022-01-24 20:00:59,13.4667,79.1167,68.68,91,33,2.64
172,Muhos,FI,2022-01-24 20:00:59,64.808,25.9931,33.89,82,51,11.1
173,Touros,BR,2022-01-24 19:56:13,-5.1989,-35.4608,86.9,64,29,11.95
174,Husavik,IS,2022-01-24 20:01:00,66.0449,-17.3389,25.3,81,100,10.33
175,Vaini,TO,2022-01-24 20:01:00,-21.2,-175.2,79.93,78,21,11.52
176,Georgetown,MY,2022-01-24 19:56:58,5.4112,100.3354,80.53,94,20,1.99
177,Avera,US,2022-01-24 20:01:01,33.194,-82.5271,59.76,40,6,9.86
178,Klaksvik,FO,2022-01-24 20:01:01,62.2266,-6.589,38.32,68,100,13.33
179,Kukushtan,RU,2022-01-24 20:01:02,57.6464,56.4952,11.82,99,95,4.85
180,Katsuura,JP,2022-01-24 20:01:02,35.1333,140.3,39.31,62,88,10.51
181,Mujiayingzi,CN,2022-01-24 20:02:03,42.1167,118.7833,17.78,83,7,5.55
182,Tiksi,RU,2022-01-24 20:02:03,71.6872,128.8694,-7.92,99,100,5.12
183,Cockburn Town,TC,2022-01-24 19:59:06,21.4612,-71.1419,78.76,69,40,6.91
184,Dong Hoi,VN,2022-01-24 20:02:04,17.4833,106.6,68.88,95,14,4.18
185,Tubinskiy,RU,2022-01-24 20:02:04,52.8892,58.2225,-2.06,80,100,3.83
186,Kapfenberg,AT,2022-01-24 20:02:04,47.454,15.2702,29.66,96,97,0.43
187,Samsun,TR,2022-01-24 20:01:55,41.25,36.3333,30.25,76,100,7.72
188,Sydney Mines,CA,2022-01-24 20:02:05,46.2367,-60.2177,28.09,93,100,8.01
189,Ylojarvi,FI,2022-01-24 19:58:23,61.5563,23.5961,32.95,93,0,8.05
190,Japura,ID,2022-01-24 20:02:05,-0.3167,102.35,73.99,98,97,2.21
191,Kumluca,TR,2022-01-24 20:02:06,36.3703,30.2869,42.67,50,100,7.78
192,Ionia,US,2022-01-24 20:02:06,42.9873,-85.0711,25.36,85,100,3.44
193,Lorengau,PG,2022-01-24 20:02:06,-2.0226,147.2712,81.52,78,17,5.97
194,Petropavlovsk-Kamchatskiy,RU,2022-01-24 20:02:07,53.0452,158.6483,1.99,66,75,6.71
195,Castro,BR,2022-01-24 20:01:20,-24.7911,-50.0119,86.63,49,33,3.58
196,Tuatapere,NZ,2022-01-24 20:02:07,-46.1333,167.6833,55.81,79,63,1.39
197,Evensk,RU,2022-01-24 20:02:08,61.95,159.2333,-8.57,84,98,5.35
198,Alyangula,AU,2022-01-24 20:02:08,-13.8483,136.4192,80.47,100,40,4.61
199,Lerwick,GB,2022-01-24 20:02:09,60.1545,-1.1494,42.8,70,75,9.78
200,Baruun-Urt,MN,2022-01-24 20:02:09,46.6806,113.2792,-2.25,97,92,4.47
201,Sisimiut,GL,2022-01-24 20:02:09,66.9395,-53.6735,21.04,65,100,14.43
202,Smithers,CA,2022-01-24 20:01:52,54.7804,-127.1743,34.79,95,100,1.77
203,Geraldton,AU,2022-01-24 19:58:02,-28.7667,114.6,70.21,40,0,14.97
204,Maroantsetra,MG,2022-01-24 20:02:10,-15.4333,49.7333,75.15,98,100,6.67
205,Allada,BJ,2022-01-24 20:02:10,6.6655,2.1514,76.19,67,3,4.61
206,Senno,RU,2022-01-24 20:02:10,59.5336,33.9167,22.95,93,100,11.59
207,Lakeway,US,2022-01-24 20:02:11,30.3638,-97.9796,52.21,90,100,0.0
208,Sheridan,US,2022-01-24 20:02:11,44.8333,-106.9173,41.18,61,100,3.0
209,Gomel,BY,2022-01-24 20:02:12,52.4345,30.9754,6.13,99,83,3.83
210,Soyo,AO,2022-01-24 20:02:12,-6.1349,12.3689,77.54,83,79,8.7
211,Rio Gallegos,AR,2022-01-24 20:01:41,-51.6226,-69.2181,61.12,46,91,36.06
212,Kayerkan,RU,2022-01-24 20:02:12,69.3497,87.7602,-3.71,96,99,9.24
213,Beringovskiy,RU,2022-01-24 20:02:13,63.05,179.3167,-20.79,89,11,8.66
214,Mahibadhoo,MV,2022-01-24 20:02:13,3.7833,72.9667,80.67,64,8,11.21
215,Karratha,AU,2022-01-24 20:02:13,-20.7377,116.8463,83.16,76,57,10.51
216,Cidreira,BR,2022-01-24 20:02:14,-30.1811,-50.2056,81.46,75,21,11.25
217,Mchinji,MW,2022-01-24 20:02:14,-13.7984,32.8802,62.37,98,100,6.33
218,Lagoa,PT,2022-01-24 20:02:15,39.05,-27.9833,58.44,68,98,9.01
219,Zaysan,KZ,2022-01-24 20:01:15,47.4667,84.8667,-4.59,84,32,3.85
220,Bethel,US,2022-01-24 20:02:08,41.3712,-73.414,32.56,62,80,4.23
221,Barrow,US,2022-01-24 19:58:36,71.2906,-156.7887,10.42,79,100,20.71
222,Taoudenni,ML,2022-01-24 20:02:15,22.6783,-3.9836,70.7,16,74,10.11
223,Bagdarin,RU,2022-01-24 20:02:16,54.4333,113.6,-4.13,93,100,2.68
224,Nagari,IN,2022-01-24 20:02:16,13.3333,79.5833,71.26,88,49,1.9
225,Eureka,US,2022-01-24 20:02:16,40.8021,-124.1637,62.2,61,14,1.01
226,Tasiilaq,GL,2022-01-24 20:02:17,65.6145,-37.6368,23.16,61,100,10.56
227,Puerto Del Rosario,ES,2022-01-24 20:02:17,28.5004,-13.8627,67.75,73,40,6.91
228,Portland,US,2022-01-24 20:00:44,45.5234,-122.6762,57.6,81,40,1.01
229,Asau,RO,2022-01-24 20:03:18,46.4333,26.4,19.96,82,37,4.0
230,Ixtapa,MX,2022-01-24 20:03:18,20.7,-105.2,75.22,88,100,2.3
231,Saint-Joseph,RE,2022-01-24 20:03:18,-21.3667,55.6167,75.58,69,33,16.78
232,Sinnamary,GF,2022-01-24 20:03:19,5.3833,-52.95,78.19,84,75,11.61
233,Bartica,GY,2022-01-24 20:03:19,6.4,-58.6167,79.12,84,62,3.6
234,Dongsheng,CN,2022-01-24 20:03:19,39.8161,109.9776,15.73,65,5,8.88
235,Nhulunbuy,AU,2022-01-24 20:01:19,-12.2333,136.7667,81.21,89,40,5.75
236,Merauke,ID,2022-01-24 20:03:20,-8.4667,140.3333,78.76,89,100,8.61
237,San Ignacio,BZ,2022-01-24 20:03:20,17.1561,-89.0714,82.29,64,53,5.14
238,Bathsheba,BB,2022-01-24 20:03:21,13.2167,-59.5167,83.01,54,20,18.41
239,Belyy Yar,RU,2022-01-24 20:03:21,53.6039,91.3903,-5.91,82,75,0.0
240,Kanniyakumari,IN,2022-01-24 20:03:21,8.0833,77.5667,77.04,76,45,9.95
241,Yelizovo,RU,2022-01-24 20:03:22,53.1873,158.3805,3.34,65,75,7.0
242,Ribeira Grande,PT,2022-01-24 20:03:22,38.5167,-28.7,59.4,67,20,5.75
243,Kholtoson,RU,2022-01-24 20:03:22,50.2981,103.3097,-0.92,98,100,2.71
244,Christchurch,NZ,2022-01-24 20:02:56,-43.5333,172.6333,64.33,87,20,1.01
245,Hualmay,PE,2022-01-24 20:03:23,-11.0964,-77.6139,76.42,74,52,11.59
246,Auki,SB,2022-01-24 20:03:23,-8.7676,160.7034,79.75,86,75,4.59
247,Los Llanos De Aridane,ES,2022-01-24 20:03:24,28.6585,-17.9182,64.15,76,20,3.0
248,Masvingo,ZW,2022-01-24 20:03:24,-20.0637,30.8277,66.07,82,100,6.93
249,Coquimbo,CL,2022-01-24 20:03:24,-29.9533,-71.3436,69.53,64,0,14.97
250,Saldanha,ZA,2022-01-24 20:03:25,-33.0117,17.9442,65.32,91,0,23.53
251,Egvekinot,RU,2022-01-24 20:03:25,66.3167,-179.1667,-24.97,87,14,11.68
252,Anadyr,RU,2022-01-24 20:01:10,64.75,177.4833,-32.17,98,10,7.2
253,Moerai,PF,2022-01-24 20:03:25,-22.4333,-151.3333,79.47,81,97,18.39
254,Ati,TD,2022-01-24 20:03:26,13.2154,18.3353,71.01,14,2,12.62
255,Emba,KZ,2022-01-24 20:03:26,48.8264,58.1442,-0.09,99,11,5.46
256,San Cristobal,VE,2022-01-24 20:03:27,7.7669,-72.225,80.78,44,36,4.12
257,Constitucion,CL,2022-01-24 20:01:31,-35.3333,-72.4167,68.97,64,5,19.77
258,Boyolangu,ID,2022-01-24 20:03:27,-8.1181,111.8935,74.3,85,93,3.0
259,Honningsvag,NO,2022-01-24 20:03:27,70.9821,25.9704,28.15,93,100,37.98
260,Zeya,RU,2022-01-24 20:03:28,53.75,127.2667,-8.28,98,6,2.13
261,Charcas,MX,2022-01-24 20:03:28,23.1333,-101.1167,69.35,24,64,25.57
262,Pevek,RU,2022-01-24 20:03:28,69.7008,170.3133,-15.66,98,100,7.0
263,Puerto Madero,MX,2022-01-24 20:03:29,14.7208,-92.4215,89.8,51,40,9.22
264,Noumea,NC,2022-01-24 20:00:57,-22.2763,166.4572,78.01,99,53,1.77
265,Tura,IN,2022-01-24 20:03:29,25.5198,90.2201,55.2,87,46,1.61
266,Thinadhoo,MV,2022-01-24 20:03:29,0.5333,72.9333,81.05,74,45,13.06
267,Poshekhonye,RU,2022-01-24 20:03:30,58.4993,39.1353,12.58,88,6,10.8
268,Kathmandu,NP,2022-01-24 20:01:06,27.7167,85.3167,44.82,93,75,2.3
269,Ulaangom,MN,2022-01-24 20:03:30,49.9811,92.0667,-11.43,86,100,1.21
270,Terneuzen,NL,2022-01-24 20:03:31,51.2809,3.8392,38.05,84,0,4.63
271,Dharchula,IN,2022-01-24 20:03:31,29.85,80.5333,37.87,70,62,8.57
272,Hede,CN,2022-01-24 20:03:31,33.7681,120.2517,34.21,74,95,5.14
273,Kulpahar,IN,2022-01-24 20:04:32,25.3167,79.65,51.85,67,0,4.92
274,Narsaq,GL,2022-01-24 20:04:32,60.9167,-46.05,28.62,93,100,8.93
275,Broome,US,2022-01-24 20:04:33,42.2506,-75.833,24.84,62,100,1.99
276,Snasa,NO,2022-01-24 20:04:33,64.2457,12.3778,31.41,96,100,14.52
277,Otjiwarongo,NA,2022-01-24 20:04:33,-20.4637,16.6477,72.5,35,27,10.69
278,Fortuna,US,2022-01-24 20:04:34,40.5982,-124.1573,61.93,58,26,1.01
279,Tigil,RU,2022-01-24 20:04:34,57.8,158.6667,-13.5,100,95,2.01
280,Dicabisagan,PH,2022-01-24 20:04:34,17.0818,122.4157,74.17,90,84,4.21
281,Makhinjauri,GE,2022-01-24 20:04:35,41.6739,41.694,37.26,93,75,6.91
282,Yining,CN,2022-01-24 20:04:35,29.0361,114.5636,42.66,94,100,1.72
283,Bubaque,GW,2022-01-24 20:04:35,11.2833,-15.8333,79.21,62,51,11.79
284,Yhu,PY,2022-01-24 20:04:36,-25.05,-55.9167,104.45,21,63,3.22
285,Morant Bay,JM,2022-01-24 20:04:36,17.8815,-76.4093,83.82,68,36,7.38
286,Gobindpur,IN,2022-01-24 20:04:36,22.6333,86.0667,60.96,90,27,1.43
287,Sijunjung,ID,2022-01-24 20:04:37,-0.6876,100.9537,72.36,95,98,0.92
288,Saint Anthony,US,2022-01-24 20:00:39,45.0205,-93.218,12.92,59,0,5.99
289,Ovsyanka,RU,2022-01-24 20:04:37,55.9575,92.5519,9.57,96,100,4.43
290,Zatoka,UA,2022-01-24 20:04:38,46.0725,30.4654,23.54,92,100,23.55
291,Plouzane,FR,2022-01-24 20:04:38,48.3833,-4.6167,35.78,93,100,3.44
292,Fukue,JP,2022-01-24 20:04:38,32.6881,128.8419,50.74,65,88,19.98
293,Mitu,CO,2022-01-24 20:04:39,1.1983,-70.1733,84.63,69,98,3.0
294,Eregli,TR,2022-01-24 20:04:39,37.5133,34.0467,8.56,66,14,5.01
295,Turan,VN,2022-01-24 20:00:14,16.0678,108.2208,73.38,94,20,1.14
296,Port Hedland,AU,2022-01-24 20:04:39,-20.3167,118.5667,84.25,89,40,6.91
297,Usolye,RU,2022-01-24 20:04:40,59.4268,56.6808,15.21,92,99,9.93
298,Pokhara,NP,2022-01-24 20:03:02,28.2333,83.9833,49.19,60,86,5.77
299,Yumen,CN,2022-01-24 20:04:40,40.2833,97.2,17.67,55,75,4.32
300,Ennis,IE,2022-01-24 20:04:41,52.8436,-8.9864,45.07,81,75,5.75
301,Codrington,AU,2022-01-24 20:04:41,-38.2667,141.9667,69.39,57,99,5.37
302,Kavieng,PG,2022-01-24 20:04:41,-2.5744,150.7967,81.84,77,54,7.61
303,Kirov,RU,2022-01-24 20:04:42,58.5966,49.6601,9.32,95,100,9.01
304,Ust-Kuyga,RU,2022-01-24 20:04:42,70.0167,135.6,-12.95,99,100,3.96
305,Biloela,AU,2022-01-24 20:04:42,-24.4167,150.5,72.25,75,100,4.88
306,Soars,RO,2022-01-24 20:04:43,45.9333,24.9167,11.21,91,16,2.75
307,Zambezi,ZM,2022-01-24 20:04:43,-13.5432,23.1047,67.73,69,89,4.29
308,Lompoc,US,2022-01-24 20:04:43,34.6391,-120.4579,74.08,49,0,12.66
309,Stepnyak,KZ,2022-01-24 20:04:44,52.8339,70.7803,0.7,95,100,7.23
310,Faanui,PF,2022-01-24 20:04:44,-16.4833,-151.75,80.38,77,100,11.39
311,Verkhnyaya Inta,RU,2022-01-24 20:04:44,65.9811,60.3094,0.12,89,50,7.23
312,Nanortalik,GL,2022-01-24 20:04:45,60.1432,-45.2371,29.55,75,100,15.19
313,Shakawe,BW,2022-01-24 20:04:45,-18.3667,21.85,72.25,47,61,4.59
314,Chermen,RU,2022-01-24 20:04:45,43.1486,44.7069,20.44,93,11,6.71
315,Mount Gambier,AU,2022-01-24 20:04:46,-37.8333,140.7667,68.38,57,48,2.71
316,Saint-Ambroise,CA,2022-01-24 20:04:46,48.5501,-71.3324,-0.11,86,100,3.13
317,Celestun,MX,2022-01-24 20:04:46,20.8667,-90.4,78.73,63,9,9.62
318,Ternate,ID,2022-01-24 20:05:47,0.8,127.4,80.19,80,95,4.72
319,Norsup,VU,2022-01-24 20:05:47,-16.0667,167.3833,82.8,78,100,1.7
320,Springhill,US,2022-01-24 20:05:47,33.006,-93.4668,57.54,63,100,7.96
321,Muana,BR,2022-01-24 20:05:48,-1.5283,-49.2167,78.93,83,100,6.64
322,Clarksburg,US,2022-01-24 20:02:40,39.2807,-80.3445,38.05,58,100,12.66
323,Desna,UA,2022-01-24 20:05:48,50.9273,30.7605,23.72,96,54,6.51
324,Matli,PK,2022-01-24 20:05:49,25.0431,68.6557,58.14,23,0,6.49
325,Sainte-Maxime,FR,2022-01-24 20:05:49,43.3,6.6333,47.19,76,0,4.38
326,La Ronge,CA,2022-01-24 20:03:52,55.1001,-105.2842,-5.91,85,26,6.82
327,Dauphin,CA,2022-01-24 20:05:49,51.1494,-100.0502,-2.76,82,6,5.41
328,Sibolga,ID,2022-01-24 20:05:50,1.7427,98.7792,74.88,84,69,4.21
329,Tshane,BW,2022-01-24 20:05:50,-24.0196,21.8684,74.64,43,95,8.34
330,Caucaia,BR,2022-01-24 20:03:05,-3.7361,-38.6531,84.15,72,20,9.22
331,Tual,ID,2022-01-24 20:05:50,-5.6667,132.75,83.01,80,100,13.89
332,Vestmanna,FO,2022-01-24 20:05:51,62.1564,-7.1664,36.52,87,100,1.14
333,Dunedin,NZ,2022-01-24 20:04:53,-45.8742,170.5036,59.81,71,11,4.0
334,Padang,ID,2022-01-24 20:05:51,-0.9492,100.3543,77.32,80,100,2.24
335,Sidi Ali,DZ,2022-01-24 20:05:52,36.0998,0.4206,48.87,80,5,7.2
336,Loa Janan,ID,2022-01-24 20:01:48,-0.583,117.095,74.05,98,100,2.44
337,Lavrentiya,RU,2022-01-24 20:05:52,65.5833,-171.0,1.45,92,100,5.64
338,Susangerd,IR,2022-01-24 20:05:52,31.5608,48.1831,53.62,31,0,5.41
339,Ramsgate,GB,2022-01-24 20:05:53,51.3358,1.4155,40.26,75,42,1.01
340,Hobyo,SO,2022-01-24 20:05:53,5.3505,48.5268,76.35,70,18,23.17
341,Mitzic,GA,2022-01-24 20:05:53,0.7821,11.549,76.57,72,92,4.12
342,Inongo,CD,2022-01-24 20:05:54,-1.95,18.2667,78.15,73,100,2.93
343,Bontang,ID,2022-01-24 20:05:54,0.1333,117.5,76.69,91,100,3.29
344,Namie,JP,2022-01-24 20:05:54,37.4833,141.0,25.56,61,100,4.29
345,Polovinnoye,RU,2022-01-24 20:05:55,54.7914,65.9864,7.2,90,100,8.46
346,Nemuro,JP,2022-01-24 20:05:55,43.3236,145.575,21.88,74,63,11.79
347,Fuling,CN,2022-01-24 20:05:55,29.7022,107.3919,48.51,87,100,1.95
348,Krasnoselkup,RU,2022-01-24 20:05:56,65.7,82.4667,-11.34,100,99,8.14
349,Villazon,BO,2022-01-24 20:05:56,-22.0866,-65.5942,59.4,55,89,11.97
350,Malanje,AO,2022-01-24 20:05:56,-9.5402,16.341,65.01,92,100,2.3
351,Lagunas,PE,2022-01-24 20:05:57,-5.2269,-75.6753,86.7,63,98,2.33
352,Mayo,US,2022-01-24 20:05:57,38.8876,-76.5119,42.35,59,0,5.01
353,Corpus Christi,US,2022-01-24 20:01:47,27.8006,-97.3964,51.84,92,100,5.01
354,Ancud,CL,2022-01-24 20:05:57,-41.8697,-73.8203,63.93,69,63,7.7
355,Yellowknife,CA,2022-01-24 20:05:58,62.456,-114.3525,-9.58,84,28,5.01
356,Alofi,NU,2022-01-24 20:05:58,-19.0595,-169.9187,84.09,74,40,8.05
357,Belmonte,BR,2022-01-24 20:05:58,-15.8631,-38.8828,81.1,71,100,7.81
358,Kodinsk,RU,2022-01-24 20:05:59,58.6881,99.1844,-2.38,100,96,2.19
359,Neyvo-Shaytanskiy,RU,2022-01-24 20:05:59,57.7286,61.2496,8.6,95,64,7.85
360,Wuwei,CN,2022-01-24 20:06:00,37.9281,102.6414,21.87,55,3,3.06
361,Shitanjing,CN,2022-01-24 20:06:00,39.2342,106.3439,18.86,55,0,3.04
362,Bantry,IE,2022-01-24 20:06:00,51.6833,-9.45,44.08,79,100,4.47
363,Baghdad,IQ,2022-01-24 20:02:25,33.3406,44.4009,51.89,30,0,2.82
364,San Patricio,US,2022-01-24 20:06:01,28.017,-97.5169,51.89,88,100,8.57
365,Kieta,PG,2022-01-24 20:06:01,-6.2167,155.6333,79.95,86,99,3.69
366,Linqiong,CN,2022-01-24 20:07:01,30.4159,103.4609,45.84,89,100,5.1
367,Lengshuitan,CN,2022-01-24 20:07:02,26.4111,111.5956,39.81,89,100,4.47
368,Passos,BR,2022-01-24 20:05:07,-20.7189,-46.6097,77.83,82,100,4.09
369,Boa Vista,BR,2022-01-24 20:07:02,2.8197,-60.6733,93.18,38,75,8.05
370,Sibu,MY,2022-01-24 20:07:03,2.3,111.8167,72.61,99,100,1.92
371,Weiser,US,2022-01-24 20:02:34,44.251,-116.9693,33.48,85,100,0.74
372,Tessalit,ML,2022-01-24 20:07:03,20.1986,1.0114,65.93,14,26,10.36
373,Praia Da Vitoria,PT,2022-01-24 20:07:03,38.7333,-27.0667,57.76,81,59,6.02
374,Chontalpa,MX,2022-01-24 20:07:04,17.7,-93.5167,76.33,76,98,3.62
375,Valle Hermoso,MX,2022-01-24 20:07:04,25.6667,-97.8333,53.89,79,100,7.87
376,Paamiut,GL,2022-01-24 20:07:04,61.994,-49.6678,25.41,93,100,12.62
377,Lazaro Cardenas,MX,2022-01-24 20:07:05,17.9583,-102.2,83.68,49,37,9.48
378,Angoram,PG,2022-01-24 20:07:05,-4.0625,144.0661,72.19,98,95,2.17
379,Payson,US,2022-01-24 20:06:28,40.0444,-111.7321,43.68,59,40,6.91
380,Tiruchchendur,IN,2022-01-24 20:07:06,8.4833,78.1167,77.45,75,18,4.47
381,Isangel,VU,2022-01-24 20:07:06,-19.55,169.2667,82.17,78,54,2.95
382,Kailua,US,2022-01-24 20:07:06,21.4022,-157.7394,78.78,61,40,8.05
383,Ocean City,US,2022-01-24 20:07:04,39.2776,-74.5746,39.02,60,85,4.0
384,Jhanjharpur,IN,2022-01-24 20:07:07,26.2667,86.2833,58.91,80,1,3.31
385,Umred,IN,2022-01-24 20:07:07,20.85,79.3333,61.09,56,0,7.18
386,Yokadouma,CM,2022-01-24 20:07:08,3.5167,15.05,76.84,26,70,1.48
387,Nicoya,CR,2022-01-24 20:07:08,10.1483,-85.452,89.15,29,11,7.52
388,Muroto,JP,2022-01-24 20:07:08,33.2833,134.15,47.93,69,72,17.09
389,Riyadh,SA,2022-01-24 20:06:58,24.6877,46.7219,62.74,29,0,4.47
390,Nosivka,UA,2022-01-24 20:07:09,50.9315,31.5828,12.31,96,70,8.32
391,Llandrindod Wells,GB,2022-01-24 20:04:16,52.2416,-3.3787,37.29,88,98,1.97
392,Fairbanks,US,2022-01-24 20:07:09,64.8378,-147.7164,41.34,64,75,4.61
393,Zhigansk,RU,2022-01-24 20:07:10,66.7697,123.3711,-23.19,100,93,2.98
394,Keuruu,FI,2022-01-24 20:07:10,62.2667,24.7,33.98,91,55,7.67
395,High Level,CA,2022-01-24 20:07:10,58.5169,-117.136,3.52,91,73,2.95
396,Malakal,SS,2022-01-24 20:07:11,9.5334,31.6605,80.53,19,86,7.63
397,Muros,ES,2022-01-24 20:07:11,42.7762,-9.0603,52.84,91,0,4.72
398,Neath,GB,2022-01-24 20:07:11,51.6632,-3.8044,41.34,83,76,4.36
399,Lufilufi,WS,2022-01-24 20:07:12,-13.8745,-171.5986,79.79,77,100,2.84
400,Baltasi,RU,2022-01-24 20:07:12,56.3462,50.2062,-0.9,99,85,4.41
401,Segou,ML,2022-01-24 20:07:12,13.4317,-6.2157,76.28,10,56,9.4
402,Abu Samrah,SY,2022-01-24 20:07:13,35.3029,37.1841,37.0,82,6,1.12
403,Vao,NC,2022-01-24 20:07:13,-22.6667,167.4833,76.89,67,25,3.36
404,Buala,SB,2022-01-24 20:07:13,-8.145,159.5921,81.32,83,60,7.38
405,Saint-Pierre,RE,2022-01-24 20:07:14,-21.3393,55.4781,76.68,69,100,21.85
406,Perth,AU,2022-01-24 20:05:42,-31.9333,115.8333,64.04,67,0,11.5
407,Camacha,PT,2022-01-24 20:07:14,33.0833,-16.3333,60.53,77,40,13.8
408,Komsomolskiy,UZ,2022-01-24 20:07:14,40.4272,71.7189,31.42,51,100,3.0
409,Manutuke,NZ,2022-01-24 20:07:15,-38.6833,177.9167,67.98,92,100,4.63
410,Panama City,PA,2022-01-24 20:04:46,8.9936,-79.5197,90.18,52,20,19.57
411,Iquitos,PE,2022-01-24 20:07:15,-3.7481,-73.2472,87.84,66,75,4.61
412,Zhezkazgan,KZ,2022-01-24 20:07:16,47.8043,67.7144,0.23,86,5,7.58
413,Santa Maria,BR,2022-01-24 20:04:01,-29.6842,-53.8069,80.38,71,42,9.31
414,Najran,SA,2022-01-24 20:08:16,17.4924,44.1277,60.67,33,0,1.9
415,Campbell River,CA,2022-01-24 20:08:17,50.0163,-125.2446,36.32,100,100,3.44
416,Sao Jose Da Coroa Grande,BR,2022-01-24 20:08:17,-8.8978,-35.1478,82.15,67,98,10.45
417,Gornyy,RU,2022-01-24 20:08:17,55.1153,83.9059,-6.72,100,98,5.53
418,Karpathos,GR,2022-01-24 20:08:18,35.507,27.2132,42.76,87,92,5.75
419,Naze,JP,2022-01-24 20:08:18,28.3667,129.4833,59.25,83,98,16.37
420,Nishihara,JP,2022-01-24 20:08:18,26.1842,127.7558,63.68,83,75,8.05
421,Dali,CN,2022-01-24 20:08:19,25.7,100.1833,43.66,95,100,3.49
422,San Rafael,AR,2022-01-24 20:04:01,-34.6177,-68.3301,88.25,36,28,9.01
423,Taldan,RU,2022-01-24 20:08:19,53.6667,124.8,-12.26,100,11,1.99
424,Ishinomaki,JP,2022-01-24 20:08:20,38.4167,141.3,29.89,79,55,7.9
425,Chantada,ES,2022-01-24 20:08:20,42.6088,-7.7712,41.41,85,0,1.54
426,Tamandare,BR,2022-01-24 20:08:20,-8.7597,-35.1047,82.18,68,96,9.82
427,Kavaratti,IN,2022-01-24 20:08:21,10.5669,72.642,78.01,64,99,14.65
428,Chapais,CA,2022-01-24 20:08:21,49.7834,-74.8492,-0.62,91,100,7.96
429,Ahome,MX,2022-01-24 20:08:17,25.9167,-109.1833,71.55,36,0,12.62
430,Bilibino,RU,2022-01-24 20:04:13,68.0546,166.4372,-43.29,100,100,1.92
431,Maldonado,UY,2022-01-24 20:08:22,-34.6667,-54.9167,81.79,69,81,11.21
432,Gazli,UZ,2022-01-24 20:08:22,40.1333,63.45,34.16,70,0,11.5
433,Margate,GB,2022-01-24 20:05:28,51.3813,1.3862,40.3,79,52,1.01
434,Maningrida,AU,2022-01-24 20:08:22,-12.0667,134.2667,75.92,93,100,6.15
435,Coihaique,CL,2022-01-24 20:08:02,-45.5752,-72.0662,66.81,45,40,12.66
436,Jenjarom,MY,2022-01-24 20:08:23,2.8766,101.4988,77.11,95,90,2.91
437,Gorontalo,ID,2022-01-24 20:08:23,0.5412,123.0595,75.09,96,82,2.95
438,Hong Gai,VN,2022-01-24 20:08:23,20.956,107.0946,67.91,92,90,8.1
439,Tatarsk,RU,2022-01-24 20:08:24,55.219,75.9828,1.9,90,100,6.64
440,Marsa Matruh,EG,2022-01-24 20:08:24,31.3525,27.2453,51.58,53,6,17.52
441,Siniscola,IT,2022-01-24 20:08:25,40.5719,9.6922,42.35,80,59,4.88
442,Chicama,PE,2022-01-24 20:08:25,-7.8447,-79.1469,68.54,61,81,11.79
443,Bulungu,CD,2022-01-24 20:07:09,-4.55,18.6,72.32,92,100,1.77
444,Boende,CD,2022-01-24 20:08:26,-0.2167,20.8667,79.83,63,99,1.86
445,Cefalu,IT,2022-01-24 20:08:26,38.0386,14.0229,50.41,63,78,8.99
446,Strezhevoy,RU,2022-01-24 20:08:26,60.7333,77.5889,6.78,100,100,3.62
447,Faya,SA,2022-01-24 20:08:26,18.3851,42.4509,50.52,51,0,2.3
448,Limoges,FR,2022-01-24 20:08:27,45.75,1.3333,45.16,53,0,3.44
449,Nantucket,US,2022-01-24 20:05:59,41.2835,-70.0995,36.09,75,11,3.6
450,Axim,GH,2022-01-24 20:08:27,4.8699,-2.2405,79.81,78,3,6.08
451,Puri,IN,2022-01-24 20:08:28,19.8,85.85,68.52,73,3,6.8
452,Waipawa,NZ,2022-01-24 20:08:28,-41.4122,175.5153,67.46,74,57,4.99
453,Quelimane,MZ,2022-01-24 20:08:28,-17.8786,36.8883,77.04,94,100,19.06
454,Oga,IT,2022-01-24 20:08:29,46.4631,10.347,24.24,75,5,2.91
455,Elban,RU,2022-01-24 20:08:29,50.1018,136.5094,-21.35,100,34,1.57
456,Victoria Point,AU,2022-01-24 20:08:29,-27.5833,153.3,73.36,88,87,1.01
457,Mocuba,MZ,2022-01-24 20:08:30,-16.8392,36.9856,71.74,96,100,16.24
458,Laukaa,RU,2022-01-24 20:08:30,58.7372,29.8453,28.35,94,100,11.21
459,Aksu,CN,2022-01-24 20:08:30,41.1231,80.2644,22.91,57,0,0.34
460,Yarmouth,US,2022-01-24 20:04:58,41.7057,-70.2286,36.09,71,20,7.0
461,Tubuala,PA,2022-01-24 20:09:31,9.5167,-79.0333,90.34,68,70,14.99
462,Goundam,ML,2022-01-24 20:09:31,16.4145,-3.6708,71.94,11,100,10.4
463,Banda Aceh,ID,2022-01-24 20:09:31,5.5577,95.3222,76.55,83,34,3.76
464,Clyde River,CA,2022-01-24 20:09:32,70.4692,-68.5914,-3.77,84,100,25.32
465,Eskisehir,TR,2022-01-24 20:09:32,39.7767,30.5206,13.91,92,40,4.61
466,Calama,CL,2022-01-24 20:09:32,-22.4667,-68.9333,75.69,12,20,21.85
467,Edd,ER,2022-01-24 20:09:33,13.9297,41.6925,79.29,67,47,7.96
468,Quatre Cocos,MU,2022-01-24 20:09:33,-20.2078,57.7625,77.09,61,70,19.75
469,Beyneu,KZ,2022-01-24 20:09:34,45.3167,55.2,28.15,85,41,17.02
470,Santiago Del Estero,AR,2022-01-24 20:09:34,-27.7951,-64.2615,84.99,62,99,3.27
471,Astara,AZ,2022-01-24 20:09:34,38.5,48.6667,27.3,58,0,11.52
472,Freeport,US,2022-01-24 20:05:08,40.6576,-73.5832,35.33,63,100,1.01
473,Las Vegas,US,2022-01-24 20:07:15,36.175,-115.1372,65.53,25,0,0.0
474,Kokopo,PG,2022-01-24 20:09:35,-4.352,152.2633,77.52,85,97,3.36
475,Yar-Sale,RU,2022-01-24 20:09:35,66.8333,70.8333,2.91,96,58,11.97
476,Columbus,US,2022-01-24 20:08:25,39.9612,-82.9988,33.06,83,100,1.01
477,Qiongshan,CN,2022-01-24 20:09:36,20.0058,110.3542,68.2,95,40,10.94
478,Conde,BR,2022-01-24 20:09:36,-7.2597,-34.9075,83.66,70,20,11.5
479,Manoel Urbano,BR,2022-01-24 20:09:36,-8.8389,-69.2597,84.02,74,100,3.62
480,Teahupoo,PF,2022-01-24 20:09:37,-17.8333,-149.2667,78.76,80,100,15.52
481,Sola,VU,2022-01-24 20:09:37,-13.8833,167.55,83.48,75,100,10.07
482,Eldorado,BR,2022-01-24 20:09:37,-23.7869,-54.2836,99.95,28,27,6.33
483,Pirogovo,RU,2022-01-24 20:09:38,56.7796,53.1495,-2.15,100,100,3.83
484,Domoni,KM,2022-01-24 20:09:38,-12.2569,44.5319,79.77,84,100,15.55
485,Honiara,SB,2022-01-24 20:09:38,-9.4333,159.95,79.93,89,54,4.36
486,Grindavik,IS,2022-01-24 20:09:39,63.8424,-22.4338,37.87,87,75,17.27
487,Tecoanapa,MX,2022-01-24 20:09:39,16.5167,-98.75,83.05,55,0,9.31
488,Nikolayevsk-Na-Amure,RU,2022-01-24 20:09:39,53.1406,140.73,-13.52,99,68,3.98
489,Wamba,NG,2022-01-24 20:09:40,8.9333,8.6,75.97,17,1,2.08
490,Hay River,CA,2022-01-24 20:09:40,60.8156,-115.7999,0.45,92,21,6.58
491,Alvaraes,BR,2022-01-24 20:09:40,-3.2208,-64.8042,93.07,78,98,4.47
492,Hovd,MN,2022-01-24 20:09:41,48.0056,91.6419,-5.66,73,1,6.13
493,Pacific Grove,US,2022-01-24 20:09:41,36.6177,-121.9166,67.15,53,0,1.01
494,Tautira,PF,2022-01-24 20:09:41,-17.7333,-149.15,84.22,79,100,14.72
495,Jurado,CO,2022-01-24 20:09:42,7.1053,-77.7641,82.02,80,38,5.84
496,Ambulu,ID,2022-01-24 20:09:42,-8.345,113.6058,75.78,85,93,4.03
497,Fort Nelson,CA,2022-01-24 20:09:42,58.8053,-122.7002,20.34,91,95,1.74
498,Havre-Saint-Pierre,CA,2022-01-24 20:09:43,50.2334,-63.5986,8.96,85,100,10.36
499,Shubarkuduk,KZ,2022-01-24 20:09:43,49.1447,56.4872,1.85,96,26,7.54
500,Mezen,RU,2022-01-24 20:09:43,65.8522,44.24,30.47,94,100,14.58
501,Esqueda,MX,2022-01-24 20:09:44,30.7167,-109.5833,57.34,33,0,4.23
502,Mjolby,SE,2022-01-24 20:09:44,58.326,15.1237,42.08,90,96,11.92
503,Monrovia,LR,2022-01-24 20:05:39,6.3005,-10.7969,80.37,80,86,8.97
504,Bandar-E Lengeh,IR,2022-01-24 20:09:45,26.5579,54.8807,64.85,47,0,4.7
505,Kyren,RU,2022-01-24 20:09:45,51.6828,102.1408,4.78,93,100,1.1
506,Richards Bay,ZA,2022-01-24 20:09:45,-28.783,32.0377,73.17,79,5,8.59
507,Nagato,JP,2022-01-24 20:10:46,34.3833,131.2,41.2,72,81,7.85
508,Cotonou,BJ,2022-01-24 20:06:46,6.3654,2.4183,80.58,72,2,8.28
509,San Joaquin,US,2022-01-24 20:10:46,37.9333,-121.3011,62.46,58,0,0.0
510,Turukhansk,RU,2022-01-24 20:10:46,65.8167,87.9833,-18.94,100,91,3.8
511,Westport,US,2022-01-24 20:10:48,41.1415,-73.3579,34.47,66,0,1.99
512,Laguna,US,2022-01-24 20:10:48,38.421,-121.4238,65.97,65,0,1.01
513,Salina,US,2022-01-24 20:08:26,38.8403,-97.6114,57.31,39,0,8.99
514,Kachiry,KZ,2022-01-24 20:10:49,53.0675,76.1036,-12.59,100,74,4.81
515,Kamina,CD,2022-01-24 20:10:49,-8.7386,24.9906,64.44,94,100,2.04
516,Henties Bay,NA,2022-01-24 20:10:49,-22.116,14.2845,74.86,72,1,7.23
517,Cheremkhovo,RU,2022-01-24 20:10:50,53.1561,103.0675,1.92,98,100,4.56
518,Ambilobe,MG,2022-01-24 20:10:50,-13.2,49.05,70.21,97,100,2.13
519,Chumikan,RU,2022-01-24 20:10:50,54.7183,135.315,-5.12,91,11,17.85
520,Broken Hill,AU,2022-01-24 20:10:51,-31.95,141.4333,72.72,78,59,12.24
521,Mackenzie,CA,2022-01-24 20:10:51,55.2999,-123.1698,27.07,95,100,0.87
522,Galveston,US,2022-01-24 20:10:51,29.3669,-94.9669,53.64,93,100,1.99
523,Dudinka,RU,2022-01-24 20:09:18,69.4058,86.1778,-4.77,97,100,17.76
524,Odweyne,SO,2022-01-24 20:10:52,9.4092,45.064,65.43,42,87,13.87
525,Visnes,NO,2022-01-24 20:10:52,59.3556,5.2242,42.85,81,40,11.5
526,Puerto Baquerizo Moreno,EC,2022-01-24 20:10:53,-0.9,-89.6,76.19,88,75,13.8
527,Charlestown,AU,2022-01-24 20:09:23,-32.95,151.6667,70.74,90,97,1.83
528,Teguldet,RU,2022-01-24 20:10:53,57.3064,88.1667,2.03,97,100,5.48
529,Sitka,US,2022-01-24 20:06:58,57.0531,-135.33,39.09,87,100,8.05
530,Viransehir,TR,2022-01-24 20:10:53,37.2353,39.7631,35.17,99,100,6.29
531,Moses Lake,US,2022-01-24 20:10:54,47.1301,-119.2781,30.56,86,100,9.22
532,Palmer,US,2022-01-24 20:10:54,42.1584,-72.3287,32.68,52,40,1.99
533,Kingaroy,AU,2022-01-24 20:10:54,-26.5333,151.8333,64.02,94,99,1.19
534,Luganville,VU,2022-01-24 20:10:55,-15.5333,167.1667,81.41,81,98,2.59
535,Usakos,NA,2022-01-24 20:10:55,-22.0,15.6,87.22,24,85,11.23
536,Centerville,US,2022-01-24 20:10:55,39.6284,-84.1594,38.48,76,100,7.0
537,Xai-Xai,MZ,2022-01-24 20:10:56,-25.0519,33.6442,76.93,85,93,11.05
538,Mabaruma,GY,2022-01-24 20:10:56,8.2,-59.7833,79.45,78,67,6.6
539,Kazachinskoye,RU,2022-01-24 20:10:56,57.6953,93.2761,9.81,96,100,4.41
540,Gagarin,RU,2022-01-24 20:10:57,55.5529,34.9954,-2.87,100,97,5.03
541,Galesong,ID,2022-01-24 20:08:07,-5.3166,119.3661,75.22,82,78,6.62
542,Shihezi,CN,2022-01-24 20:10:57,44.3,86.0333,9.68,94,100,1.52
543,General Delgado,PY,2022-01-24 20:10:58,-27.1667,-56.5167,104.02,15,58,4.32
544,Sao Joao Da Barra,BR,2022-01-24 20:10:58,-21.6403,-41.0511,82.49,82,12,14.63
545,Kankakee,US,2022-01-24 20:07:30,41.15,-87.8667,30.27,86,100,11.5
546,Ravar,IR,2022-01-24 20:10:58,31.2656,56.8055,44.8,32,0,1.41
547,Lienz,AT,2022-01-24 20:10:59,46.8289,12.769,35.19,84,54,4.88
548,San Blas,MX,2022-01-24 20:10:59,21.5167,-105.2667,75.09,68,100,7.63
549,Champerico,GT,2022-01-24 20:10:59,14.3,-91.9167,90.77,58,2,11.72
550,Wonthaggi,AU,2022-01-24 20:11:00,-38.6044,145.5913,66.43,85,100,7.83
551,Wahiawa,US,2022-01-24 20:11:00,21.5028,-158.0236,75.52,62,40,6.91
552,Tocopilla,CL,2022-01-24 20:11:00,-22.092,-70.1979,70.92,72,17,7.18
553,Lalibela,ET,2022-01-24 20:11:01,12.0333,39.0333,59.49,63,100,7.27
554,Hambantota,LK,2022-01-24 20:12:01,6.1241,81.1185,73.04,75,95,5.3
555,Brae,GB,2022-01-24 20:12:02,60.3964,-1.353,42.71,68,74,9.57
556,Tambopata,PE,2022-01-24 20:12:02,-12.7333,-69.1833,76.89,94,75,6.91
557,Hamilton,US,2022-01-24 20:12:02,39.1834,-84.5333,40.75,78,100,1.01
558,Linhares,BR,2022-01-24 20:12:03,-19.3911,-40.0722,81.1,64,100,8.7
559,Severo-Yeniseyskiy,RU,2022-01-24 20:12:03,60.3725,93.0408,-2.9,99,98,2.44
560,Rosarito,MX,2022-01-24 20:10:06,32.3333,-117.0333,75.63,45,0,5.64
561,Kurilsk,RU,2022-01-24 20:12:04,45.2333,147.8833,23.43,70,94,12.46
562,Adrar,MR,2022-01-24 20:12:04,20.5022,-10.0711,73.62,17,100,8.48
563,Aldan,RU,2022-01-24 20:12:04,58.6031,125.3894,-9.71,99,92,4.72
564,Chagoda,RU,2022-01-24 20:12:05,59.164,35.3285,18.25,90,78,10.89
